{"cameraMode":{"drawMode":0,"name":"Shaded","section":"Shading Mode"},"sceneLighting":true,"audioPlay":false,"sceneViewState":{"showFog":true,"showMaterialUpdate":false,"showSkybox":true,"showFlares":true,"showImageEffects":true,"showParticleSystems":true},"in2DMode":false,"pivot":{"x":20.619140625,"y":8.131591796875,"z":16.03515625},"rotation":{"x":0.06229748949408531,"y":-0.9172071814537048,"z":0.15868233144283296,"w":0.36009079217910769},"size":4.230230808258057,"orthographic":true}