{"cameraMode":{"drawMode":0,"name":"Shaded","section":"Shading Mode"},"sceneLighting":true,"audioPlay":false,"sceneViewState":{"showFog":true,"showMaterialUpdate":false,"showSkybox":true,"showFlares":true,"showImageEffects":true,"showParticleSystems":true},"in2DMode":false,"pivot":{"x":-2.2581043243408205,"y":0.17342020571231843,"z":-3.10744047164917},"rotation":{"x":-0.03574376553297043,"y":0.8949844837188721,"z":-0.07293172925710678,"w":-0.4386350214481354},"size":3.8926045894622804,"orthographic":false}