{"cameraMode":{"drawMode":0,"name":"Shaded","section":"Shading Mode"},"sceneLighting":true,"audioPlay":false,"sceneViewState":{"showFog":true,"showMaterialUpdate":false,"showSkybox":true,"showFlares":true,"showImageEffects":true,"showParticleSystems":true},"in2DMode":false,"pivot":{"x":35.724609375,"y":31.89599609375,"z":17.532958984375},"rotation":{"x":0.193519726395607,"y":-0.7729071378707886,"z":0.27907025814056399,"w":0.5359607934951782},"size":6.141953468322754,"orthographic":true}