{"cameraMode":{"drawMode":0,"name":"Shaded","section":"Shading Mode"},"sceneLighting":true,"audioPlay":false,"sceneViewState":{"showFog":true,"showMaterialUpdate":false,"showSkybox":true,"showFlares":true,"showImageEffects":true,"showParticleSystems":true},"in2DMode":false,"pivot":{"x":-0.5337328910827637,"y":0.9906654357910156,"z":-0.18935203552246095},"rotation":{"x":-0.06113758310675621,"y":0.938237190246582,"z":-0.22246451675891877,"w":-0.25784656405448916},"size":3.6937294006347658,"orthographic":false}